{"AAPL":{"CMA":0.222389,"HML":0.350258,"MKT":0.434428,"MOM":-0.063952,"RMW":0.128274,"SMB":-0.489464,"STR":-0.006408},"AMZN":{"CMA":-0.14175,"HML":0.300822,"MKT":0.896945,"MOM":0.057935,"RMW":0.016548,"SMB":0.464805,"STR":-0.25403},"BAC":{"CMA":0.234958,"HML":-0.148928,"MKT":0.898926,"MOM":0.211591,"RMW":0.240242,"SMB":-0.201218,"STR":0.280386},"CVX":{"CMA":0.161303,"HML":-0.351077,"MKT":0.423885,"MOM":-0.262092,"RMW":-0.229321,"SMB":-0.474386,"STR":0.239282},"GOOG":{"CMA":-0.179256,"HML":0.08941,"MKT":0.98906,"MOM":-0.017313,"RMW":0.135488,"SMB":-0.035871,"STR":0.102008},"JPM":{"CMA":0.058225,"HML":0.434151,"MKT":0.718582,"MOM":-0.013535,"RMW":-0.132628,"SMB":-0.18752,"STR":-0.103613},"META":{"CMA":-0.288502,"HML":-0.404109,"MKT":0.820895,"MOM":-0.242399,"RMW":-0.100612,"SMB":-0.151931,"STR":0.230348},"MSFT":{"CMA":0.143723,"HML":0.001456,"MKT":0.744998,"MOM":-0.280685,"RMW":-0.129598,"SMB":-0.159394,"STR":-0.161583},"NVDA":{"CMA":0.152471,"HML":-0.405225,"MKT":0.762103,"MOM":-0.16592,"RMW":-0.13271,"SMB":0.082573,"STR":-0.067731},"XOM":{"CMA":0.176788,"HML":-0.144593,"MKT":0.63538,"MOM":0.21127,"RMW":-0.273984,"SMB":0.23718,"STR":-0.06246}}
